{
	"synctime": 1603436423.0488687,
	"path": "Z:/DF_Progarmme/Python/SyncLiveDanmu/data/section/33/av670011012 【10月】樱与抱月 03【独家正版】/c248614651 p1 03",
	"cid": 248614651,
	"aid": 670011012,
	"title": "03",
	"videotitle": "【10月】樱与抱月 03【独家正版】",
	"ndanmu": 3000,
	"sndanmu": 9464,
	"lastts": 1605185404.5703342,
	"nextdis": 35535,
	"nextts": 1605220939.5703342
}