{
	"synctime": 1604041255.2450168,
	"path": "Z:\\DF_Progarmme\\Python\\SyncLiveDanmu\\data\\section/33/av500097005 【10月】樱与抱月 04【独家正版】/c250862806 p1 04",
	"cid": 250862806,
	"aid": 500097005,
	"title": "04",
	"videotitle": "【10月】樱与抱月 04【独家正版】",
	"ndanmu": 3000,
	"sndanmu": 7032,
	"lastts": 1604696373.4101982,
	"nextdis": 18305,
	"nextts": 1604714678.4101982
}