{
	"synctime": 1602955486.9870343,
	"path": "Z:/DF_Progarmme/Python/SyncLiveDanmu/data/section/33/av927450301 【10月】樱与抱月 02【独家正版】/c246766484 p1 02",
	"cid": 246766484,
	"aid": 927450301,
	"title": "02",
	"videotitle": "【10月】樱与抱月 02【独家正版】",
	"ndanmu": 3000,
	"sndanmu": 12670,
	"lastts": 1604681222.7388184,
	"nextdis": 32988,
	"nextts": 1604714210.7388184
}