{
	"synctime": 1605855623.419932,
	"path": "Z:\\DF_Progarmme\\Python\\SyncLiveDanmu\\data\\section/33/av755311365 【10月】樱与抱月 07【独家正版】/c257730188 p1 07",
	"cid": 257730188,
	"aid": 755311365,
	"title": "07",
	"videotitle": "【10月】樱与抱月 07【独家正版】",
	"ndanmu": 3000,
	"sndanmu": 6389,
	"lastts": 1606452937.3033495,
	"nextdis": 17678,
	"nextts": 1606470615.3033495
}