{
	"synctime": 1602226851.10689,
	"path": "Z:\\DF_Progarmme\\Python\\SyncLiveDanmu\\data\\section/33/av754933885 【10月】樱与抱月 01【独家正版】/c243827090 p1 01",
	"cid": 243827090,
	"aid": 754933885,
	"title": "01",
	"videotitle": "【10月】樱与抱月 01【独家正版】",
	"ndanmu": 3000,
	"sndanmu": 9247,
	"lastts": 1602566038.209753,
	"nextdis": 8155,
	"nextts": 1602574193.209753
}