{
	"synctime": 1605250831.5693722,
	"path": "Z:/DF_Progarmme/Python/SyncLiveDanmu/data/section/33/av970319585 【10月】樱与抱月 06【独家正版】/c255309342 p1 06",
	"cid": 255309342,
	"aid": 970319585,
	"title": "06",
	"videotitle": "【10月】樱与抱月 06【独家正版】",
	"ndanmu": 3000,
	"sndanmu": 11259,
	"lastts": 1606451321.8792272,
	"nextdis": 25440,
	"nextts": 1606476761.8792272
}