{
	"synctime": 1604696375.0820658,
	"path": "Z:/DF_Progarmme/Python/SyncLiveDanmu/data/section/33/av500097005 【10月】樱与抱月 04【独家正版】/c253261542 p1 04",
	"cid": 253261542,
	"aid": 500097005,
	"title": "04",
	"videotitle": "【10月】樱与抱月 04【独家正版】",
	"ndanmu": 3000,
	"sndanmu": 8288,
	"lastts": 1606453290.260092,
	"nextdis": 43200,
	"nextts": 1606496490.260092
}