{
	"synctime": 1602566040.5847704,
	"path": "Z:/DF_Progarmme/Python/SyncLiveDanmu/data/section/33/av754933885 【10月】樱与抱月 01【独家正版】/c245181867 p1 01",
	"cid": 245181867,
	"aid": 754933885,
	"title": "01",
	"videotitle": "【10月】樱与抱月 01【独家正版】",
	"ndanmu": 3000,
	"sndanmu": 12361,
	"lastts": 1604310548.37879,
	"nextdis": 34780,
	"nextts": 1604345328.37879
}