{
	"synctime": 1604681224.8320549,
	"path": "Z:/DF_Progarmme/Python/SyncLiveDanmu/data/section/33/av927450301 【10月】樱与抱月 02【独家正版】/c253195805 p1 02",
	"cid": 253195805,
	"aid": 927450301,
	"title": "02",
	"videotitle": "【10月】樱与抱月 02【独家正版】",
	"ndanmu": 3000,
	"sndanmu": 6223,
	"lastts": 1604754359.8607504,
	"nextdis": 37983,
	"nextts": 1604792342.8607504
}