{
	"synctime": 1604754361.7825837,
	"path": "Z:/DF_Progarmme/Python/SyncLiveDanmu/data/section/33/av927450301 【10月】樱与抱月 02【独家正版】/c253477917 p1 02",
	"cid": 253477917,
	"aid": 927450301,
	"title": "02",
	"videotitle": "【10月】樱与抱月 02【独家正版】",
	"ndanmu": 3000,
	"sndanmu": 8558,
	"lastts": 1606453951.0137327,
	"nextdis": 43200,
	"nextts": 1606497151.0137327
}