{
	"synctime": 1604681022.7539456,
	"path": "Z:/DF_Progarmme/Python/SyncLiveDanmu/data/section/33/av202706259 【10月】樱与抱月 05【独家正版】/c253261886 p1 05",
	"cid": 253261886,
	"aid": 202706259,
	"title": "05",
	"videotitle": "【10月】樱与抱月 05【独家正版】",
	"ndanmu": 3000,
	"sndanmu": 8617,
	"lastts": 1606451257.8802037,
	"nextdis": 43200,
	"nextts": 1606494457.8802037
}