{
	"synctime": 1604646053.3633144,
	"path": "Z:\\DF_Progarmme\\Python\\SyncLiveDanmu\\data\\section/33/av202706259 【10月】樱与抱月 05【独家正版】/c253051052 p1 05",
	"cid": 253051052,
	"aid": 202706259,
	"title": "05",
	"videotitle": "【10月】樱与抱月 05【独家正版】",
	"ndanmu": 3000,
	"sndanmu": 3719,
	"lastts": 1604681021.4883223,
	"nextdis": 1023,
	"nextts": 1604682044.4883223
}