{
	"synctime": 1602831643.9108093,
	"path": "Z:\\DF_Progarmme\\Python\\SyncLiveDanmu\\data\\section/33/av927450301 【10月】樱与抱月 02【独家正版】/c246200231 p1 02",
	"cid": 246200231,
	"aid": 927450301,
	"title": "02",
	"videotitle": "【10月】樱与抱月 02【独家正版】",
	"ndanmu": 3000,
	"sndanmu": 6758,
	"lastts": 1602955485.1471808,
	"nextdis": 3069,
	"nextts": 1602958554.1471808
}